ID,Control area,CCM ref,CSF 2.0 ref,Question,Evidence source,Vendor response,Assessment,Finding ID
C01,Security governance & policy,GRC,GV.PO-01,Does Zoom maintain an approved information security policy program that is reviewed at least annually?,,,,
C02,Risk management,GRC,GV.RM-01,Does Zoom run a formal risk assessment process covering the services in scope?,,,,
C03,Personnel screening & training,HRS,GV.RR-04; PR.AT-01,Are employees background-checked and given security awareness training?,,,,
C04,SSO / MFA & admin access,IAM,PR.AA-01; PR.AA-03; PR.AA-05,Can Banco Ejemplo enforce SSO (SAML) and MFA for its users? How is Zoom's own privileged access controlled?,,,,
C05,Encryption in transit and at rest,CEK,PR.DS-01; PR.DS-02,What encryption protects meeting content in transit and recordings/chat at rest? Who manages the keys?,,,,
C06,End-to-end encryption option,CEK,PR.DS-02,Is end-to-end encryption available for meetings? Which features are disabled when it is on?,,,,
C07,Logging & monitoring,LOG,PR.PS-04; DE.CM-09,Are security events logged and monitored? Can the customer get admin and sign-in audit logs?,,,,
C08,Vulnerability mgmt & penetration testing,TVM,ID.RA-01; PR.PS-02,Is there regular vulnerability scanning and independent penetration testing? Is there a bug bounty?,,,,
C09,Secure software development,AIS,PR.PS-06,Does Zoom follow a secure SDLC with code review and security testing before release?,,,,
C10,Incident response & breach notification,SEF,RS.MA-01; RS.CO-02; GV.SC-08,Is there an incident response plan? What is the committed timeframe for notifying customers of a breach?,,,,
C11,Business continuity & availability,BCR,RC.RP-01; PR.IR-03,Are BC/DR plans tested? What uptime commitment and redundancy exist?,,,,
C12,Recording storage retention & deletion,DSP,PR.DS-01; GV.SC-10,Can the customer set retention for cloud recordings/chat? Is data deleted at contract end?,,,,
C13,Data location,DSP,GV.OC-03,Where is customer data stored and processed? Can the customer restrict data regions?,,,,
C14,Subprocessors / fourth parties,STA,GV.SC-07,Does Zoom publish a subprocessor list and notify customers of changes?,,,,
C15,AI features & use of customer content,DSP; AIS,GV.OC-03; PR.DS-10,Does Zoom use customer audio/video/chat to train AI models? Can admins disable AI Companion features?,,,,
C16,Independent assurance,A&A,GV.SC-06; GV.SC-07,Which independent reports exist (SOC 2 Type II / ISO 27001 / CSA STAR)? Are they current?,,,,
